file,latitude,longitude,gps_altitude_m,reference_elevation_m,delta_m
fdr_Test_Ruta_Jorge_1785938082200.gpx,-35.146711,-70.082061,2282.0,2250.5,-31.5
fdr_Test_Ruta_Jorge_1785938082200.gpx,-35.146586,-70.082172,2282.0,2249.1,-32.9
fdr_Test_Ruta_Jorge_1785938082200.gpx,-35.142450,-70.084322,2286.5,2277.0,-9.5
fdr_Test_Ruta_Jorge_1785938082200.gpx,-35.142583,-70.082711,2295.3,2260.6,-34.7
fdr_Test_Ruta_Jorge_1785938082200.gpx,-35.142583,-70.082711,2295.3,2260.6,-34.7
fdr_Test_Ruta_Jorge_1785938928750.gpx,-35.138230,-70.086754,2274.0,2351.7,77.7
fdr_Test_Ruta_Jorge_1785938928750.gpx,-35.138224,-70.086725,2274.0,2351.7,77.7
fdr_Test_Ruta_Jorge_1785939187197.gpx,-35.142362,-70.083151,2295.3,2264.3,-31.0
fdr_Test_Ruta_Jorge_1785939191617.gpx,-35.142379,-70.083138,2295.3,2264.3,-31.0
fdr_Test_Ruta_Jorge_1785939191617.gpx,-35.142561,-70.082680,2295.3,2260.6,-34.7
fdr_Test_Ruta_Jorge_1785939191617.gpx,-35.142561,-70.082680,2295.3,2260.6,-34.7
fdr_Test_Ruta_Jorge_1785939191617.gpx,-35.142561,-70.082680,2295.3,2260.6,-34.7
fdr_Test_Ruta_Jorge_1785939191617.gpx,-35.142561,-70.082680,2295.3,2260.6,-34.7
fdr_Test_Ruta_Jorge_1785940338881.gpx,-35.149061,-70.084153,2310.9,2287.8,-23.1
fdr_Test_Ruta_Jorge_1785940338881.gpx,-35.149061,-70.084153,2310.9,2287.8,-23.1
fdr_Test_Ruta_minerva5_Jorge_1786109139640.gpx,-35.139088,-70.092907,2286.5,2494.1,207.6
fdr_Test_Ruta_minerva5_Jorge_1786109139640.gpx,-35.139121,-70.092899,2286.5,2494.1,207.6
fdr_Test_Ruta_minerva5_Jorge_1786109347566.gpx,-35.142583,-70.082993,2262.9,2262.8,-0.1
fdr_Test_Ruta_minerva5_Jorge_1786109347566.gpx,-35.142677,-70.083355,2295.3,2266.1,-29.2
fdr_Test_Ruta_minerva5_Jorge_1786109347566.gpx,-35.142677,-70.083355,2295.3,2266.1,-29.2
fdr_Test_Ruta_minerva5_Jorge_1786109347566.gpx,-35.142677,-70.083355,2295.3,2266.1,-29.2
fdr_Test_Ruta_minerva5i_nihilismo__Jorge_1786109696207.gpx,-35.139471,-70.093259,2295.3,2495.1,199.8
fdr_Test_Ruta_minerva5i_nihilismo__Jorge_1786109696207.gpx,-35.140059,-70.093421,2499.3,2486.2,-13.1
fdr_Test_Ruta_minerva5i_nihilismo__Jorge_1786109696207.gpx,-35.140986,-70.092477,2492.5,2449.6,-42.9
fdr_Test_Ruta_minerva5i_nihilismo__Jorge_1786109696207.gpx,-35.141278,-70.092182,2489.1,2441.7,-47.4
fdr_Test_Ruta_minerva5i_nihilismo__Jorge_1786109696207.gpx,-35.141391,-70.092073,2488.0,2438.7,-49.3
fdr_Test_Ruta_minerva5i_nihilismo__Jorge_1786109696207.gpx,-35.141455,-70.092050,2482.5,2434.1,-48.4
fdr_Test_Ruta_minerva5i_nihilismo__Jorge_1786109696207.gpx,-35.143386,-70.090250,2431.2,2377.7,-53.5
fdr_Test_Ruta_minerva5i_nihilismo__Jorge_1786110064238.gpx,-35.144506,-70.084857,2288.0,2302.8,14.8
fdr_Test_Ruta_minerva5i_nihilismo__Jorge_1786110064238.gpx,-35.142539,-70.082684,2295.3,2260.6,-34.7
fdr_Test_Ruta_minerva5i_nihilismo__Jorge_1786115464368.gpx,-35.138991,-70.095274,2290.7,2551.0,260.3
fdr_Test_Ruta_minerva5i_nihilismo__Jorge_1786115464368.gpx,-35.143766,-70.097324,2296.1,2620.4,324.3
fdr_Test_Ruta_minerva5i_nihilismo__Jorge_1786115464368.gpx,-35.143766,-70.097324,2296.1,2620.4,324.3
fdr_Test_Ruta_minerva5i_nihilismo__Jorge_1786115619335.gpx,-35.138895,-70.095821,2290.7,2566.6,275.9
fdr_Test_Ruta_minerva5i_nihilismo__Jorge_1786115633591.gpx,-35.138930,-70.095780,2290.7,2560.1,269.4
fdr_Test_Ruta_minerva5i_nihilismo__Jorge_1786115633591.gpx,-35.138948,-70.095746,2290.7,2560.1,269.4
fdr_Test_Ruta_minerva_Jorge_1785941524080.gpx,-35.139126,-70.092847,2295.3,2494.1,198.8
fdr_Test_Ruta_minerva_Jorge_1785941524080.gpx,-35.139126,-70.092847,2295.3,2494.1,198.8
fdr_Test_Ruta_minerva_Jorge_1785943334390.gpx,-35.138576,-70.095896,2302.0,2561.9,259.9
fdr_Test_Ruta_minerva_Jorge_1785943334390.gpx,-35.148108,-70.082374,2293.0,2268.5,-24.5
fdr_Test_Ruta_minerva_Jorge_1785943334390.gpx,-35.148108,-70.082374,2293.0,2268.5,-24.5
fdr_Test_Ruta_minerva_Jorge_1785943687120.gpx,-35.147917,-70.080417,2285.7,2263.4,-22.3
fdr_Test_Ruta_minerva_Jorge_1785945896212.gpx,-35.142710,-70.082971,2285.7,2262.8,-22.9
fdr_Test_Ruta_minerva_Jorge_1785945896212.gpx,-35.142373,-70.083158,2283.6,2264.3,-19.3
fdr_Test_Ruta_minerva_Jorge_1785945896212.gpx,-35.142373,-70.083158,2283.6,2264.3,-19.3
fdr_Test_Ruta_minerva_Jorge_1785947065920.gpx,-35.147848,-70.081526,2299.2,2260.2,-39.0
fdr_Test_Ruta_minerva_Jorge_1785947065920.gpx,-35.142788,-70.084207,2299.2,2274.6,-24.6
fdr_Test_Ruta_minerva_Jorge_1785947065920.gpx,-35.142788,-70.084207,2299.2,2274.6,-24.6
fdr_Test_Ruta_minerva_Jorge_1785949105490.gpx,-35.142817,-70.084407,2305.6,2277.2,-28.4
fdr_Test_Ruta_minerva_Jorge_1785949105490.gpx,-35.144121,-70.096995,2302.0,2599.9,297.9
fdr_Test_Ruta_minerva_Jorge_1785949105490.gpx,-35.144121,-70.096995,2302.0,2599.9,297.9
fdr_Test_Ruta_minerva_Jorge_1785949105490.gpx,-35.144121,-70.096995,2302.0,2599.9,297.9
fdr_Test_Ruta_minerva_Jorge_1785949105490.gpx,-35.144121,-70.096995,2302.0,2599.9,297.9
fdr_Test_Ruta_minerva_Jorge_1785950006598.gpx,-35.140479,-70.083058,2305.6,2272.5,-33.1
fdr_Test_Ruta_minerva_Jorge_1785950006598.gpx,-35.142023,-70.084005,2262.9,2274.9,12.0
fdr_Test_Ruta_minerva_Jorge_1785950006598.gpx,-35.142023,-70.084005,2262.9,2274.9,12.0
fdr_Test_Ruta_minerva_Jorge_1785950006598.gpx,-35.142023,-70.084005,2262.9,2274.9,12.0
fdr_Test_Ruta_minerva_Jorge_1785950006598.gpx,-35.142023,-70.084005,2262.9,2274.9,12.0
fdr_Test_Ruta_minerva_Jorge_1785950006598.gpx,-35.142023,-70.084005,2262.9,2274.9,12.0
fdr_Test_Ruta_minerva_Jorge_1785950006598.gpx,-35.142023,-70.084005,2262.9,2274.9,12.0
fdr_Test_Ruta_minerva_Jorge_1785950006598.gpx,-35.142023,-70.084005,2262.9,2274.9,12.0
fdr_Test_Ruta_minerva_Jorge_1785950006598.gpx,-35.142023,-70.084005,2262.9,2274.9,12.0
fdr_Test_Ruta_minerva_Jorge_1785950006598.gpx,-35.142023,-70.084005,2262.9,2274.9,12.0
fdr_Test_Ruta_minerva_Jorge_1785950006598.gpx,-35.142023,-70.084005,2262.9,2274.9,12.0
fdr_Test_Ruta_minerva_Jorge_1785950006598.gpx,-35.142023,-70.084005,2262.9,2274.9,12.0
fdr_Test_Ruta_minerva_Jorge_1785950006598.gpx,-35.142023,-70.084005,2262.9,2274.9,12.0
fdr_Test_Ruta_minerva_Jorge_1785950006598.gpx,-35.142023,-70.084005,2262.9,2274.9,12.0
fdr_Test_Ruta_minerva_Jorge_1785950006598.gpx,-35.142023,-70.084005,2262.9,2274.9,12.0
fdr_Test_Ruta_minerva_Jorge_1785950006598.gpx,-35.142023,-70.084005,2262.9,2274.9,12.0
fdr_Test_Ruta_minerva_Jorge_1785950006598.gpx,-35.142023,-70.084005,2262.9,2274.9,12.0
fdr_Test_Ruta_minerva_Jorge_1785950006598.gpx,-35.142023,-70.084005,2262.9,2274.9,12.0
fdr_Test_Ruta_minerva_Jorge_1785950006598.gpx,-35.142023,-70.084005,2262.9,2274.9,12.0
fdr_Test_Ruta_minerva_Jorge_1785950006598.gpx,-35.142023,-70.084005,2262.9,2274.9,12.0
fdr_Test_Ruta_minerva_Jorge_1785950006598.gpx,-35.142023,-70.084005,2262.9,2274.9,12.0
fdr_Test_Ruta_minerva_Jorge_1785950006598.gpx,-35.142023,-70.084005,2262.9,2274.9,12.0
fdr_Test_Ruta_minerva_Jorge_1785950006598.gpx,-35.142023,-70.084005,2262.9,2274.9,12.0
fdr_Test_Ruta_minerva_Jorge_1785950006598.gpx,-35.142023,-70.084005,2262.9,2274.9,12.0
fdr_Test_Ruta_minerva_Jorge_1785950006598.gpx,-35.142023,-70.084005,2262.9,2274.9,12.0
fdr_Test_Ruta_minerva_Jorge_1785950006598.gpx,-35.142023,-70.084005,2262.9,2274.9,12.0
fdr_Test_Ruta_minerva_Jorge_1785950006598.gpx,-35.147913,-70.081359,2290.7,2263.5,-27.2
fdr_Test_Ruta_minerva_Jorge_1785954546945.gpx,-35.149062,-70.084144,2310.9,2287.8,-23.1
fdr_Test_Ruta_minerva_Jorge_1785954546945.gpx,-35.149062,-70.084144,2310.9,2287.8,-23.1
fdr_Test_Ruta_minerva_Jorge_1785954546945.gpx,-35.149062,-70.084144,2310.9,2287.8,-23.1
fdr_Test_Ruta_minerva_Jorge_1785956920645.gpx,-35.146660,-70.081017,2283.6,2249.2,-34.4
fdr_Test_Ruta_minerva_Jorge_1785956925826.gpx,-35.136108,-70.080067,2294.2,2224.8,-69.4
fdr_Test_Ruta_minerva_Jorge_1785956925826.gpx,-35.136082,-70.080196,2294.2,2224.8,-69.4
fdr_Test_Ruta_minerva_Jorge_1785956925826.gpx,-35.136082,-70.080196,2294.2,2224.8,-69.4
fdr_Test_Ruta_minerva_Jorge_1785956925826.gpx,-35.136082,-70.080196,2294.2,2224.8,-69.4
fdr_Test_Ruta_minerva_Jorge_1785957145087.gpx,-35.147489,-70.079765,2285.7,2255.8,-29.9
fdr_Test_Ruta_minerva_Jorge_1785957156837.gpx,-35.135003,-70.087542,2285.7,2409.6,123.9
fdr_Test_Ruta_minerva_Jorge_1785957156837.gpx,-35.135003,-70.087542,2285.7,2409.6,123.9
fdr_Test_Ruta_minerva_Jorge_1785957156837.gpx,-35.135003,-70.087542,2285.7,2409.6,123.9
fdr_Test_Ruta_minerva_Jorge_1785957404068.gpx,-35.137930,-70.086620,2305.6,2350.2,44.6
fdr_Test_Ruta_minerva_Jorge_1785970761512.gpx,-35.140420,-70.082932,2304.8,2271.1,-33.7
fdr_Test_Ruta_minerva_Jorge_1786023046084.gpx,-35.142556,-70.082981,2295.3,2262.8,-32.5
fdr_Test_Ruta_minerva_Jorge_1786023046084.gpx,-35.142610,-70.083050,2295.3,2264.6,-30.7
fdr_Test_Ruta_minerva_Jorge_1786023046084.gpx,-35.142610,-70.083050,2295.3,2264.6,-30.7
fdr_Test_Ruta_minerva_Jorge_1786023046084.gpx,-35.142610,-70.083050,2295.3,2264.6,-30.7
fdr_Test_Ruta_minerva_Jorge_1786028125796.gpx,-35.142558,-70.083014,2278.9,2262.8,-16.1
fdr_Test_Ruta_minerva_Jorge_1786028125796.gpx,-35.142541,-70.083180,2262.9,2264.6,1.7
fdr_Test_Ruta_minerva_Jorge_1786028125796.gpx,-35.142636,-70.083054,2295.3,2264.6,-30.7
fdr_Test_Ruta_minerva_Jorge_1786028125796.gpx,-35.147377,-70.079625,2286.5,2251.3,-35.2
fdr_Test_Ruta_minerva_Jorge_1786029005694.gpx,-35.146872,-70.084473,2295.3,2264.2,-31.1
fdr_Test_Ruta_minerva_Jorge_1786029005694.gpx,-35.147033,-70.085460,2295.3,2272.3,-23.0
fdr_Test_Ruta_minerva_Jorge_1786029005694.gpx,-35.147077,-70.085770,2295.3,2274.0,-21.3
fdr_Test_Ruta_minerva_Jorge_1786029005694.gpx,-35.147131,-70.086126,2295.3,2277.1,-18.2
fdr_Test_Ruta_minerva_Jorge_1786029005694.gpx,-35.147205,-70.086440,2295.3,2278.5,-16.8
fdr_Test_Ruta_minerva_Jorge_1786029005694.gpx,-35.147269,-70.086788,2295.3,2280.2,-15.1
fdr_Test_Ruta_minerva_Jorge_1786029005694.gpx,-35.147265,-70.086843,2295.3,2280.2,-15.1
fdr_Test_Ruta_minerva_Jorge_1786029005694.gpx,-35.147265,-70.086843,2295.3,2280.2,-15.1
fdr_Test_Ruta_minerva_Jorge_1786029857773.gpx,-35.148274,-70.095380,2375.7,2350.0,-25.7
fdr_Test_Ruta_minerva_Jorge_1786031147312.gpx,-35.138293,-70.086741,2298.7,2351.7,53.0
fdr_Test_Ruta_minerva_Jorge_1786031147312.gpx,-35.138293,-70.086741,2298.7,2351.7,53.0
fdr_Test_Ruta_minerva_Jorge_1786033930964.gpx,-35.144260,-70.097077,2296.1,2596.0,299.9
fdr_Test_Ruta_minerva_Jorge_1786033931045.gpx,-35.144260,-70.097077,2296.1,2596.0,299.9
fdr_Test_Ruta_minerva_Jorge_1786033931746.gpx,-35.144260,-70.097077,2296.1,2596.0,299.9
fdr_Test_Ruta_minerva_Jorge_1786033934105.gpx,-35.149082,-70.094602,2375.7,2341.2,-34.5
fdr_Test_Ruta_minerva_Jorge_1786033934105.gpx,-35.149028,-70.094578,2375.7,2341.2,-34.5
fdr_Test_Ruta_minerva_Jorge_1786033934105.gpx,-35.149028,-70.094578,2375.7,2341.2,-34.5
fdr_Test_Ruta_minerva_Jorge_1786033934105.gpx,-35.147422,-70.085482,2295.4,2271.5,-23.9
fdr_Test_Ruta_minerva_Jorge_1786033934105.gpx,-35.147422,-70.085482,2295.4,2271.5,-23.9
fdr_Test_Ruta_minerva_Jorge_1786033934105.gpx,-35.147422,-70.085482,2295.4,2271.5,-23.9
fdr_Test_Ruta_minerva_Jorge_1786036720338.gpx,-35.138737,-70.090692,2295.4,2426.5,131.1
fdr_Test_Ruta_minerva_Jorge_1786036720338.gpx,-35.138737,-70.090692,2295.4,2426.5,131.1
fdr_Test_Ruta_minerva_Jorge_1786036720338.gpx,-35.138737,-70.090692,2295.4,2426.5,131.1
fdr_Test_Ruta_minerva_Jorge_1786040002408.gpx,-35.145021,-70.112613,0.0,2672.1,2672.1
fdr_Test_Ruta_minerva_Jorge_1786040002408.gpx,-35.145021,-70.112613,0.0,2672.1,2672.1
fdr_Test_Ruta_minerva_Jorge_1786040616450.gpx,-35.148902,-70.094755,2296.1,2342.2,46.1
fdr_Test_Ruta_minerva_Jorge_1786040616450.gpx,-35.148902,-70.094755,2296.1,2342.2,46.1
fdr_Test_Ruta_minerva_Jorge_1786041666549.gpx,-35.144802,-70.112707,2704.8,2674.4,-30.4
fdr_Test_Ruta_minerva_Jorge_1786041666549.gpx,-35.144831,-70.112665,2713.1,2669.6,-43.5
fdr_Test_Ruta_minerva_Jorge_1786044348533.gpx,-35.147260,-70.100922,2303.1,2423.4,120.3
fdr_Test_Ruta_minerva_Jorge_1786044348533.gpx,-35.147260,-70.100922,2303.1,2423.4,120.3
fdr_Test_Ruta_minerva_Jorge_1786044899504.gpx,-35.146546,-70.082180,2282.0,2249.1,-32.9
fdr_Test_Ruta_minerva_Jorge_1786044899504.gpx,-35.146546,-70.082180,2282.0,2249.1,-32.9
fdr_Test_Ruta_minerva_Jorge_1786044899504.gpx,-35.146546,-70.082180,2282.0,2249.1,-32.9
fdr_Test_Ruta_minerva_Jorge_1786044899504.gpx,-35.146546,-70.082180,2282.0,2249.1,-32.9
fdr_Test_Ruta_minerva_Jorge_1786044899504.gpx,-35.146546,-70.082180,2282.0,2249.1,-32.9
fdr_Test_Ruta_minerva_Jorge_1786044899504.gpx,-35.141917,-70.084676,2287.2,2284.1,-3.1
fdr_Test_Ruta_minerva_Jorge_1786044899504.gpx,-35.141917,-70.084676,2287.2,2284.1,-3.1
fdr_Test_Ruta_minerva_Jorge_1786044899504.gpx,-35.141917,-70.084676,2287.2,2284.1,-3.1
fdr_Test_Ruta_minerva_Jorge_1786044899504.gpx,-35.147505,-70.083452,2291.9,2262.2,-29.7
fdr_Test_Ruta_minerva_Jorge_1786044899504.gpx,-35.147505,-70.083452,2291.9,2262.2,-29.7
fdr_Test_Ruta_minerva_a_Jorge_1786023499130.gpx,-35.139122,-70.092800,2295.3,2494.1,198.8
fdr_Test_Ruta_minerva_a_Jorge_1786023499130.gpx,-35.139122,-70.092800,2295.3,2494.1,198.8
fdr_Test_Ruta_minerva_a_Jorge_1786025742583.gpx,-35.142152,-70.082557,2295.3,2257.1,-38.2
fdr_Test_Ruta_minerva_a_Jorge_1786025742583.gpx,-35.135396,-70.087486,2286.5,2404.6,118.1
fdr_Test_Ruta_minerva_tk_Jorge_1785941490532.gpx,-35.142602,-70.082995,2295.3,2262.8,-32.5
